<?xml version="1.0" encoding="UTF-8"?><rss version="2.0"
	xmlns:content="http://purl.org/rss/1.0/modules/content/"
	xmlns:dc="http://purl.org/dc/elements/1.1/"
	xmlns:atom="http://www.w3.org/2005/Atom"
	xmlns:sy="http://purl.org/rss/1.0/modules/syndication/"
	
	>
<channel>
	<title>
	Comments for iccmerchantadvances.net	</title>
	<atom:link href="http://127.0.0.1/wordpress/comments/feed/" rel="self" type="application/rss+xml" />
	<link>./../../index.html</link>
	<description>Merchant cash advance</description>
	<lastBuildDate>Mon, 12 Jul 2021 16:05:46 +0000</lastBuildDate>
	<sy:updatePeriod>
	hourly	</sy:updatePeriod>
	<sy:updateFrequency>
	1	</sy:updateFrequency>
	<generator>https://wordpress.org/?v=5.7.2</generator>
</channel>
</rss>
